City_ID,City,Lat,Lng,Max Temp,Humidity,Cloudiness,Wind Speed,Country,Date
0,hell-ville,-13.4,48.2667,300.6,77,100,1.9,MG,1704395979
1,geraldton,-28.7667,114.6,298.38,36,0,11.83,AU,1704395979
2,tottori,35.5,134.2333,278.33,79,0,3.48,JP,1704395931
3,laojunmiao,39.8333,97.7333,266.9,33,6,1.68,CN,1704395980
4,concepcion,-36.827,-73.0498,293.04,73,0,6.17,CL,1704395867
5,udachny,66.4167,112.4,234.74,98,71,1.57,RU,1704395880
6,waitangi,-43.9535,-176.5597,290.83,85,100,4.47,NZ,1704395981
7,adamstown,-25.066,-130.1015,296.46,85,73,5.53,PN,1704395981
8,mogocha,53.7333,119.7667,243.92,100,33,1.07,RU,1704395981
9,blackmans bay,-43.0167,147.3167,285.22,87,39,1.42,AU,1704395864
10,langepas,61.2544,75.2124,252.55,98,100,6.32,RU,1704395982
11,bucovice,49.149,17.0019,282.17,84,86,7.91,CZ,1704395775
12,port mathurin,-19.6833,63.4167,301.23,83,77,3.48,MU,1704395983
13,aioun,16.6614,-9.6149,299.74,10,77,4.38,MR,1704395983
14,bethel,41.3712,-73.414,279.83,66,100,3.09,US,1704395983
15,klaksvik,62.2266,-6.589,279.66,97,100,14.28,FO,1704395984
16,tiksi,71.6872,128.8694,238.55,99,94,1.25,RU,1704395984
17,sinabang,2.4803,96.3801,299.87,78,36,0.79,ID,1704395984
18,hithadhoo,-0.6,73.0833,301.2,76,100,3.4,MV,1704395985
19,bredasdorp,-34.5322,20.0403,292.27,86,98,5.94,ZA,1704395985
20,puerto ayora,-0.7393,-90.3518,304.13,93,81,2.24,EC,1704395873
21,puerto deseado,-47.7503,-65.8938,299.45,28,100,10.94,AR,1704395986
22,kimbe,-5.5502,150.1429,298.08,92,99,1.45,PG,1704395986
23,keflavik,64.0049,-22.5624,274.1,80,75,3.6,IS,1704395986
24,albany,42.6001,-73.9662,277.13,59,28,3.58,US,1704395963
25,college,64.8569,-147.8028,260.12,66,75,6.17,US,1704395720
26,nyurba,63.2842,118.3319,243.47,96,100,3.32,RU,1704395987
27,andratx,39.5755,2.4202,288.43,89,93,3.41,ES,1704395987
28,whitehorse,60.7161,-135.0538,264.58,92,75,10.8,CA,1704395851
29,carnarvon,-24.8667,113.6333,297.39,79,0,5.16,AU,1704395988
30,jamestown,42.097,-79.2353,269.92,72,94,2.68,US,1704395988
31,invercargill,-46.4,168.35,284.27,72,100,4.47,NZ,1704395988
32,port-aux-francais,-49.35,70.2167,277.91,70,35,13.22,TF,1704395989
33,pisco,-13.7,-76.2167,300.18,61,0,4.63,PE,1704395989
34,grytviken,-54.2811,-36.5092,280.71,75,66,3.19,GS,1704395989
35,ilulissat,69.2167,-51.1,268.16,80,75,4.63,GL,1704395989
36,hermanus,-34.4187,19.2345,294.31,76,100,4.85,ZA,1704395990
37,lionel town,17.8101,-77.2406,304.09,69,25,4.54,JM,1704395990
38,sigulda,57.1519,24.8647,258.57,89,100,1.34,LV,1704395990
39,axim,4.8699,-2.2405,300.63,77,8,2.1,GH,1704395990
40,bikenibeu village,1.3673,173.1241,298.13,94,100,5.14,KI,1704395991
41,bei'an,24.5399,109.533,285.88,70,100,1.11,CN,1704395991
42,lihue,21.9789,-159.3672,296.92,79,75,4.12,US,1704395991
43,balkashino,52.5167,68.7667,269.72,96,100,6.34,KZ,1704395992
44,pakuranga,-36.8833,174.9167,292.25,64,40,1.03,NZ,1704395992
45,rabigh,22.7986,39.0349,298.46,57,10,2.02,SA,1704395992
46,midvagur,62.0511,-7.1939,279.61,93,100,8.23,FO,1704395992
47,porto novo,6.4965,2.6036,302.05,70,95,4.0,BJ,1704395993
48,ballina,-28.8667,153.5667,296.36,90,80,5.59,AU,1704395993
49,qaqortoq,60.7167,-46.0333,266.25,89,100,2.58,GL,1704395993
50,kununurra,-15.7667,128.7333,299.14,94,100,1.54,AU,1704395994
51,haiku-pauwela,20.9219,-156.3051,297.06,73,20,2.06,US,1704395994
52,igarka,67.4667,86.5833,247.72,95,100,9.12,RU,1704395994
53,tonghae,37.5439,129.1069,278.31,69,31,4.73,KR,1704395994
54,puerto natales,-51.7236,-72.4875,289.4,77,75,2.06,CL,1704395854
55,amahai,-3.3333,128.9167,299.56,81,100,1.5,ID,1704395995
56,ancud,-41.8697,-73.8203,290.89,77,35,4.41,CL,1704395887
57,st. john's,47.5649,-52.7093,273.53,94,100,7.2,CA,1704395995
58,port douglas,-16.4833,145.4667,299.62,80,94,1.52,AU,1704395996
59,olonkinbyen,70.9221,-8.7187,267.24,54,100,2.46,SJ,1704395996
60,bilibino,68.0546,166.4372,243.75,99,100,0.56,RU,1704395996
61,argo,37.6333,22.7333,289.7,81,93,2.58,GR,1704395996
62,iqaluit,63.7506,-68.5145,256.0,60,40,2.06,CA,1704395997
63,kailua-kona,19.6406,-155.9956,298.99,69,0,2.06,US,1704395997
64,khandud,36.9513,72.318,266.49,75,100,1.76,AF,1704395997
65,sao gabriel da cachoeira,-0.1303,-67.0892,306.04,58,40,2.06,BR,1704395997
66,santa barbara,34.7333,-120.0343,287.2,57,0,6.17,US,1704395813
67,west island,-12.1568,96.8225,300.14,89,40,4.12,CC,1704395998
68,wailua homesteads,22.0669,-159.378,296.59,82,75,4.12,US,1704395998
69,longyearbyen,78.2186,15.6401,253.06,65,75,5.66,SJ,1704395998
70,lamu,-2.2717,40.902,300.27,81,2,5.69,KE,1704395999
71,federacion,-31.0062,-57.8996,300.51,58,100,4.27,AR,1704395999
72,saldanha,-33.0117,17.9442,292.18,86,45,1.4,ZA,1704395999
73,namibe,-15.1961,12.1522,295.51,75,24,5.2,AO,1704396000
74,vadso,70.0744,29.7487,258.24,85,100,5.14,NO,1704396000
75,talnakh,69.4865,88.3972,248.26,95,100,9.06,RU,1704396000
76,edinburgh of the seven seas,-37.0676,-12.3116,288.4,65,7,12.27,SH,1704396001
77,vilyuchinsk,52.9306,158.4028,259.78,74,100,3.95,RU,1704396001
78,codrington,-38.2667,141.9667,289.67,95,100,5.45,AU,1704396001
79,iskateley,67.6803,53.1512,259.83,98,100,2.68,RU,1704395859
80,enewetak,11.3474,162.3373,300.37,77,100,8.58,MH,1704396002
81,greenville,35.6127,-77.3663,282.24,54,75,5.66,US,1704395875
82,freeport,40.6576,-73.5832,280.93,56,75,9.26,US,1704395854
83,colonia,50.9333,6.95,280.79,81,75,3.09,DE,1704396003
84,ulladulla,-35.35,150.4667,290.89,86,83,3.18,AU,1704396004
85,coracora,-15.0333,-73.7833,286.39,79,100,4.35,PE,1704396004
86,kodiak,57.79,-152.4072,274.88,93,100,1.54,US,1704396004
87,vila franca do campo,37.7167,-25.4333,291.42,99,98,3.27,PT,1704396006
88,nar'yan-mar,67.6713,53.087,259.88,98,100,2.68,RU,1704395849
89,ta`u,-14.2336,-169.5144,301.11,77,25,7.05,AS,1704396007
90,mahina,-17.5065,-149.489,301.02,74,75,4.63,PF,1704396009
91,emerald,-23.5333,148.1667,298.42,72,97,2.66,AU,1704396010
92,margaret river,-33.95,115.0667,286.97,79,6,5.8,AU,1704395842
93,puerto baquerizo moreno,-0.9,-89.6,302.7,79,20,5.14,EC,1704396014
94,kargasok,59.0556,80.8572,247.02,92,100,4.47,RU,1704396015
95,san patricio,28.017,-97.5169,293.06,74,95,6.7,US,1704396015
96,viedma,-40.8135,-62.9967,305.15,26,100,4.36,AR,1704396016
97,dzuunmod,48.2199,97.3744,249.78,77,0,3.11,MN,1704396016
98,yuzhno-kurilsk,44.0306,145.8556,271.69,63,50,2.13,RU,1704396016
99,gamba,-2.65,10.0,298.96,82,100,2.34,GA,1704396016
100,mogadishu,2.0371,45.3438,299.67,72,12,8.48,SO,1704395818
101,sao desiderio,-12.3633,-44.9733,299.9,81,87,3.07,BR,1704396020
102,ouadda,8.0777,22.4007,295.13,20,76,1.96,CF,1704396021
103,preobrazheniye,42.9019,133.9064,271.93,91,100,2.13,RU,1704396021
104,taoudenni,22.6783,-3.9836,295.63,13,5,4.04,ML,1704396022
105,yellowknife,62.456,-114.3525,239.98,80,40,0.0,CA,1704396023
106,holualoa,19.6228,-155.9522,296.36,69,0,2.06,US,1704395789
107,oltinko'l,40.8011,72.1634,278.97,47,100,0.94,UZ,1704396023
108,georgetown,5.4112,100.3354,301.11,85,20,1.54,MY,1704396024
109,ore,6.7457,4.8775,301.34,70,100,1.89,NG,1704396024
110,norman gardens,-23.3224,150.5393,297.44,88,40,2.06,AU,1704396024
111,uribia,11.7139,-72.266,306.01,46,12,8.9,CO,1704396025
112,grass valley,39.2191,-121.0611,282.36,75,0,2.06,US,1704396025
113,punta arenas,-53.15,-70.9167,286.16,82,75,4.12,CL,1704395988
114,rayadrug,14.7,76.8667,295.91,73,98,4.99,IN,1704396026
115,miguel ahumada,30.6167,-106.5167,284.59,23,45,12.63,MX,1704396026
116,severo-yeniseyskiy,60.3725,93.0408,235.69,100,55,1.79,RU,1704396027
117,hawaiian paradise park,19.5933,-154.9731,295.31,96,75,2.06,US,1704396027
118,kingston,17.997,-76.7936,303.68,69,20,6.69,JM,1704395395
119,necochea,-38.5473,-58.7368,301.24,41,82,5.16,AR,1704396028
120,howard springs,-12.497,131.047,299.1,94,100,2.1,AU,1704395916
121,avarua,-21.2078,-159.775,300.18,83,75,6.69,CK,1704396028
122,pathein,16.7833,94.7333,293.14,87,11,2.07,MM,1704396029
123,mariehamn,60.0973,19.9348,264.16,85,20,5.14,AX,1704396029
124,utrik,11.2278,169.8474,299.67,67,100,10.31,MH,1704396030
125,hobyo,5.3505,48.5268,298.86,70,95,7.85,SO,1704396030
126,aasiaat,68.7098,-52.8699,265.92,83,100,3.16,GL,1704396030
127,mamuju,-2.6748,118.8885,298.83,90,99,2.33,ID,1704396031
128,port elizabeth,-33.918,25.5701,294.32,85,0,7.72,ZA,1704396032
129,hilo,19.7297,-155.09,297.38,92,75,3.13,US,1704395993
130,stanley,54.868,-1.6985,277.92,94,75,1.03,GB,1704396033
131,mount gambier,-37.8333,140.7667,289.74,78,96,3.9,AU,1704396033
132,aur,8.1499,171.1687,300.54,77,100,9.54,MH,1704396033
133,sira,13.7453,76.9092,294.81,77,100,2.26,IN,1704396034
134,praia da vitoria,38.7333,-27.0667,289.13,94,75,5.7,PT,1704396034
135,altay,47.8667,88.1167,261.62,69,13,3.08,CN,1704396035
136,fuyu,45.1833,124.8167,257.31,93,47,4.4,CN,1704396035
137,mathba,22.2855,89.9629,289.4,55,0,2.08,BD,1704396036
138,cabedelo,-6.9811,-34.8339,303.52,69,13,4.31,BR,1704396036
139,beledweyne,4.7358,45.2036,300.25,30,18,3.29,SO,1704396038
140,fishersville,38.099,-78.9692,279.38,49,100,4.63,US,1704396038
141,kenora,49.8167,-94.4337,262.69,73,75,5.14,CA,1704396040
142,tutong,4.8,114.65,299.2,89,93,1.97,BN,1704396041
143,caburan,5.9181,125.6411,299.49,84,31,4.21,PH,1704396041
144,inhambane,-23.865,35.3833,298.14,78,20,2.06,MZ,1704396042
145,tionk essil,12.7856,-16.5217,301.18,42,10,4.15,SN,1704396042
146,aykhal,66.0,111.5,235.64,100,46,1.43,RU,1704396042
147,juneau,58.3019,-134.4197,276.15,95,100,1.54,US,1704396043
148,whistler,50.1164,-122.9695,275.77,100,100,3.09,CA,1704396044
149,missoula,47.0166,-113.8009,269.18,89,78,2.61,US,1704396045
150,gadzhiyevo,69.2551,33.3362,250.83,95,24,7.38,RU,1704396045
151,ribeira grande,38.5167,-28.7,290.37,88,40,7.6,PT,1704395858
152,opuwo,-18.0607,13.84,296.56,50,71,4.07,NA,1704396045
153,luderitz,-26.6481,15.1594,292.3,87,51,2.72,NA,1704396046
154,isangel,-19.55,169.2667,299.21,83,100,0.0,VU,1704395847
155,sisimiut,66.9395,-53.6735,261.93,67,57,6.11,GL,1704395844
156,tura,25.5198,90.2201,286.49,72,0,1.34,IN,1704395870
157,constantia,44.1833,28.65,283.54,84,100,7.53,RO,1704396047
158,sint michiel liber,12.15,-68.9833,303.05,70,20,6.69,CW,1704396047
159,ormara,25.2088,64.6357,295.57,71,76,4.11,PK,1704396047
160,quesnel,52.9999,-122.5029,274.43,100,100,2.57,CA,1704396048
161,kapa'a,22.0752,-159.319,297.33,81,75,4.12,US,1704395862
162,huayin,34.5675,110.0921,277.83,53,28,0.6,CN,1704396048
163,oumache,34.6929,5.6809,285.31,47,0,2.06,DZ,1704396048
164,shenjiamen,29.9576,122.298,284.21,79,84,6.88,CN,1704396049
165,isla vista,34.4133,-119.861,290.57,56,10,2.24,US,1704396049
166,uturoa,-16.7333,-151.4333,299.99,81,99,10.51,PF,1704395857
167,el bauga,18.262,33.9081,294.01,32,64,5.12,SD,1704396050
168,bay harbor,30.1471,-85.6146,289.23,50,0,3.09,US,1704396050
169,priozersk,61.0393,30.1291,261.53,84,100,2.76,RU,1704396050
170,lajere,11.9797,11.4443,296.37,16,29,4.13,NG,1704396050
171,shakawe,-18.3667,21.85,298.06,63,100,2.5,BW,1704396051
172,saudarkrokur,65.7461,-19.6394,265.71,90,62,2.92,IS,1704396051
173,ponta delgada,37.7333,-25.6667,291.59,88,40,3.09,PT,1704396051
174,freetown,8.484,-13.2299,301.99,74,6,4.63,SL,1704396052
175,san martin,-33.081,-68.4681,307.45,22,3,5.75,AR,1704396052
176,remire-montjoly,4.9167,-52.2667,302.17,74,75,7.2,GF,1704395878
177,vorgashor,67.5833,63.95,250.88,98,100,3.74,RU,1704396052
178,lazaro cardenas,17.9583,-102.2,301.09,51,16,3.76,MX,1704396053
179,bentiu,9.2333,29.8333,298.35,14,100,1.72,SS,1704396053
180,ninotsminda,41.2646,43.5916,269.2,93,99,2.17,GE,1704395840
181,sapri,40.0751,15.6296,286.87,84,32,0.36,IT,1704396054
182,enterprise,36.0252,-115.2419,285.63,35,20,8.23,US,1704396054
183,vila velha,-20.3297,-40.2925,302.12,89,75,3.09,BR,1704396054
184,petropavlovsk-kamchatsky,53.0452,158.6483,258.96,83,0,5.0,RU,1704396055
185,kill devil hills,36.0307,-75.676,282.15,71,100,5.66,US,1704396055
186,ushuaia,-54.8,-68.3,282.96,71,100,5.14,AR,1704396055
187,harstad,68.799,16.5293,256.62,86,95,4.68,NO,1704396055
188,anadyr,64.75,177.4833,260.43,72,0,7.0,RU,1704395852
189,sitka,57.0531,-135.33,276.09,87,75,3.09,US,1704396056
190,timimoun,29.2639,0.231,290.36,25,0,1.54,DZ,1704396056
191,boke,10.9409,-14.2967,300.83,55,45,3.66,GN,1704396057
192,ust-tsilma,65.441,52.1498,252.3,99,97,1.7,RU,1704395886
193,nizao,18.25,-70.2,302.85,62,4,3.99,DO,1704395776
194,klyuchi,52.2667,79.1667,264.54,84,98,5.63,RU,1704395863
195,horta,38.5333,-28.6333,289.95,87,40,7.6,PT,1704396057
196,ust-nera,64.5667,143.2,230.09,99,77,1.4,RU,1704396058
197,ola,59.5833,151.2833,246.7,89,13,3.07,RU,1704396058
198,keetmanshoop,-26.5833,18.1333,299.66,44,49,7.2,NA,1704396058
199,robertsport,6.7533,-11.3686,300.97,79,100,4.31,LR,1704396032
200,aragarcas,-15.8975,-52.2508,302.51,79,75,2.06,BR,1704396059
201,great falls,47.5002,-111.3008,279.4,51,20,6.17,US,1704396059
202,courtenay,49.6866,-124.9936,282.57,78,40,1.03,CA,1704396059
203,san antonio de pale,-1.4014,5.6325,300.36,76,99,3.67,GQ,1704396060
204,cabo san lucas,22.8909,-109.9124,298.49,41,20,5.14,MX,1704395824
205,messaad,34.1543,3.5031,284.82,32,18,2.27,DZ,1704396061
206,san carlos centro,-31.7286,-61.0919,307.62,45,6,3.24,AR,1704396061
207,rawah,34.4816,41.9093,287.78,59,9,1.53,IQ,1704396061
208,qingdao,36.0986,120.3719,272.93,86,12,5.0,CN,1704395848
209,chadan,51.2833,91.5833,250.66,94,97,1.31,RU,1704396062
210,celestun,20.8667,-90.4,299.31,64,31,2.63,MX,1704396062
211,papatowai,-46.5619,169.4708,283.54,62,40,6.08,NZ,1704396062
212,khandallah,-41.2467,174.7906,290.14,83,75,7.72,NZ,1704396063
213,chibougamau,49.9168,-74.3659,257.94,85,100,4.12,CA,1704396063
214,rongelap,11.1635,166.8941,300.19,74,100,8.73,MH,1704396063
215,swift current,50.2834,-107.8014,267.6,93,100,8.23,CA,1704396063
216,akureyri,65.6835,-18.0878,269.11,93,100,1.03,IS,1704396064
217,lepsy,46.235,78.9456,269.48,65,100,2.09,KZ,1704396064
218,sarikei,2.1167,111.5167,296.63,99,100,0.11,MY,1704396064
219,bubaque,11.2833,-15.8333,299.12,68,6,5.57,GW,1704396070
220,thompson,55.7435,-97.8558,261.24,85,100,2.06,CA,1704395990
221,taltal,-25.4,-70.4833,294.25,68,11,2.68,CL,1704395844
222,sudzha,51.1976,35.2726,263.26,94,95,3.74,RU,1704396071
223,hoopstad,-27.8327,25.9083,300.4,23,78,2.31,ZA,1704396071
224,nuku'alofa,-21.1333,-175.2,298.85,78,99,6.67,TO,1704395906
225,hadibu,12.65,54.0333,297.73,59,100,5.56,YE,1704396072
226,collie,-33.3667,116.15,286.35,76,0,3.91,AU,1704396072
227,grabouw,-34.1515,19.0151,293.96,70,63,3.47,ZA,1704396072
228,suva,-18.1416,178.4415,297.86,100,75,1.54,FJ,1704395854
229,martuk,50.7475,56.5056,264.56,95,100,1.39,KZ,1704396029
230,isla mujeres,21.2311,-86.731,302.18,68,1,3.89,MX,1704396073
231,badger,64.8,-147.5333,260.08,68,100,6.17,US,1704396074
232,chifeng,42.2683,118.9636,260.27,85,7,2.06,CN,1704396074
233,solleftea,63.1667,17.2667,251.07,100,100,0.75,SE,1704396074
234,malango,-2.9627,119.9001,293.42,96,100,0.82,ID,1704396075
235,mili,6.0815,171.735,300.73,80,100,9.53,MH,1704395919
236,dudinka,69.4058,86.1778,248.49,95,100,6.26,RU,1704396016
237,andergrove,-21.0833,149.1833,297.4,85,12,1.4,AU,1704396075
238,el vigia,8.6219,-71.6506,304.55,59,80,2.36,VE,1704396076
239,medicine hat,50.0501,-110.6683,271.88,100,75,1.54,CA,1704395866
240,port macquarie,-31.4333,152.9167,295.87,92,96,5.0,AU,1704396023
241,la'ie,21.6477,-157.9253,298.49,75,100,3.13,US,1704396077
242,kapuskasing,49.4169,-82.4331,259.2,72,100,4.12,CA,1704396077
243,erenhot,43.6475,111.9767,262.84,87,100,3.28,CN,1704396077
244,shahpur,16.7,76.8333,295.14,60,100,6.05,IN,1704396078
245,aripuana,-9.1667,-60.6333,297.87,92,100,1.1,BR,1704396078
246,rancho palos verdes,33.7445,-118.387,289.94,47,75,4.12,US,1704396079
247,watsa,3.0372,29.5355,294.28,40,36,0.82,CD,1704396079
248,dabakala,8.3667,-4.4333,303.15,19,1,1.16,CI,1704396079
249,labasa,-16.4167,179.3833,299.84,86,36,1.55,FJ,1704396080
250,kruisfontein,-34.0033,24.7314,293.09,86,5,5.76,ZA,1704396081
251,san juan pueblo,15.5833,-87.2333,300.46,90,100,1.83,HN,1704396082
252,padangsidempuan,1.3667,99.2667,295.38,99,100,1.36,ID,1704396083
253,kosh-agach,50.0,88.6667,251.1,95,76,0.45,RU,1704396083
254,vernon,50.2581,-119.2691,278.31,90,99,1.79,CA,1704396084
255,laguna,38.421,-121.4238,287.07,89,0,2.06,US,1704396084
256,crane,31.3974,-102.3501,280.34,76,100,10.68,US,1704396085
257,poso,-1.3959,120.7524,298.26,87,100,1.57,ID,1704396086
258,comodoro rivadavia,-45.8667,-67.5,301.07,24,0,9.77,AR,1704396086
259,island harbour,50.724,-1.2758,283.27,91,97,1.34,GB,1704396087
260,broome,42.2506,-75.833,272.43,76,100,8.23,US,1704396087
261,novosokol'niki,56.3463,30.1578,260.42,67,100,5.03,RU,1704396088
262,sao miguel do araguaia,-13.275,-50.1628,297.05,95,100,2.63,BR,1704396088
263,beibei,29.8256,106.4339,285.58,68,100,0.81,CN,1704396089
264,quellon,-43.1167,-73.6167,289.46,91,96,2.48,CL,1704395852
265,truth or consequences,33.1284,-107.2528,283.1,42,20,7.72,US,1704396090
266,douz,33.4663,9.0203,287.47,35,0,3.25,TN,1704395830
267,novouzensk,50.4592,48.1431,267.62,89,100,3.27,RU,1704396091
268,el calafate,-50.3408,-72.2768,288.73,61,100,5.7,AR,1704396091
269,nanning,22.8167,108.3167,290.4,73,100,3.7,CN,1704396092
270,araban,37.4267,37.689,281.44,94,100,1.46,TR,1704396092
271,mandalgovi,45.7625,106.2708,258.11,71,100,4.38,MN,1704396093
272,amarkantak,22.6667,81.75,287.35,59,66,0.35,IN,1704396093
273,yarovoye,52.9273,78.58,263.37,88,100,6.24,RU,1704396093
274,babu,24.4167,111.5167,288.48,59,100,0.99,CN,1704396094
275,nyandoma,61.669,40.1991,244.64,100,12,0.95,RU,1704396094
276,sterling,39.0062,-77.4286,279.38,51,75,9.26,US,1704396095
277,kirensk,57.7853,108.1119,250.35,94,100,2.24,RU,1704396095
278,sola,-13.8833,167.55,299.99,73,46,0.44,VU,1704396095
279,lebu,-37.6167,-73.65,291.63,69,9,6.59,CL,1704396096
280,kasungu,-13.0333,33.4833,291.98,94,100,1.5,MW,1704396096
281,labytnangi,66.6572,66.4183,249.74,97,100,2.6,RU,1704396096
282,yelizovo,53.1873,158.3805,259.71,77,0,5.0,RU,1704396096
283,palembang,-2.9167,104.7458,299.2,94,20,1.54,ID,1704396097
284,balqash,46.8481,74.995,266.37,82,100,4.03,KZ,1704396097
285,el rosario,24.2556,-107.1828,296.33,53,27,2.7,MX,1704396097
286,callao,-12.0667,-77.15,298.31,65,100,4.63,PE,1704396098
287,arraial do cabo,-22.9661,-42.0278,301.13,78,75,3.6,BR,1704395862
288,sao joao da barra,-21.6403,-41.0511,298.2,97,100,2.52,BR,1704396099
289,le port,-20.9373,55.2919,299.54,85,73,0.93,RE,1704395907
290,bratsk,56.1325,101.6142,247.78,98,87,2.24,RU,1704396099
291,tobol,52.6844,62.5794,271.63,87,100,6.4,KZ,1704396100
292,beau vallon,-20.4189,57.6953,301.6,83,75,3.6,MU,1704396101
293,nadym,65.5333,72.5167,249.52,82,100,6.21,RU,1704396101
294,meizhou,24.2977,116.1072,282.91,79,2,0.95,CN,1704396101
295,ndele,8.4109,20.6473,298.8,16,4,1.98,CF,1704396102
296,springs,-26.25,28.4,294.02,86,90,0.92,ZA,1704396102
297,aswan,24.0934,32.907,291.63,37,0,5.91,EG,1704395888
298,salinas,36.6777,-121.6555,288.06,64,0,0.0,US,1704395995
299,vryburg,-26.9566,24.7284,299.01,31,31,1.54,ZA,1704396103
300,susuman,62.7833,148.1667,230.75,100,98,0.22,RU,1704396103
301,bengkulu,-3.8004,102.2655,297.32,93,100,2.21,ID,1704396104
302,ixtapa,20.7,-105.2,298.83,61,20,3.6,MX,1704396104
303,mananjary,-21.2167,48.3333,298.84,86,100,3.29,MG,1704396105
304,port lincoln,-34.7333,135.8667,290.62,83,100,6.46,AU,1704396105
305,afaahiti,-17.75,-149.2833,300.08,94,100,10.26,PF,1704396105
306,magadan,59.5667,150.8,247.14,83,0,2.64,RU,1704396106
307,vallenar,-28.5708,-70.7581,303.41,25,0,5.08,CL,1704396106
308,mount isa,-20.7333,139.5,299.02,78,37,1.54,AU,1704396106
309,ibotirama,-12.1853,-43.2206,300.36,79,99,2.93,BR,1704396027
310,tarapur,19.85,72.7,294.51,72,0,3.83,IN,1704396107
311,taroa,8.7058,171.2275,300.23,78,100,9.73,MH,1704396107
312,botro,7.8525,-5.3106,303.86,23,27,0.9,CI,1704396107
313,salahonda,2.1019,-78.7217,298.21,92,100,6.57,CO,1704396108
314,touros,-5.1989,-35.4608,302.78,64,0,5.53,BR,1704396108
315,geri,35.1,33.4167,288.16,82,20,3.09,CY,1704396108
316,daru,-9.0763,143.2092,299.35,86,100,0.23,PG,1704395907
317,vikhorevka,56.1201,101.1636,248.28,98,99,2.09,RU,1704396109
318,nola,40.922,14.5329,287.68,91,92,1.73,IT,1704396109
319,zaozersk,69.4005,32.4476,250.51,88,2,5.81,RU,1704395871
320,kegen,43.0197,79.2203,262.02,75,13,3.31,KZ,1704396110
321,nizhnesortymskiy,62.4397,71.7603,251.05,97,100,5.15,RU,1704396111
322,hammerfest,70.6634,23.6821,272.4,69,75,10.29,NO,1704396111
323,auki,-8.7676,160.7034,298.97,86,97,1.48,SB,1704396112
324,tarakan,3.3,117.6333,300.13,78,100,1.77,ID,1704396112
325,el granada,37.5027,-122.4694,288.11,74,0,5.66,US,1704396112
326,kazanlak,42.6167,25.4,281.5,88,83,2.18,BG,1704396112
327,roma,43.2128,-75.4557,271.44,63,40,6.69,US,1704395909
328,brisas de zicatela,15.8369,-97.0419,302.44,61,40,3.09,MX,1704396113
329,san juan de miraflores,-12.1629,-76.9635,297.44,81,98,3.86,PE,1704396113
330,minas de marcona,-15.2119,-75.1103,295.52,63,97,5.08,PE,1704396114
331,rio preto da eva,-2.6994,-59.6997,307.66,40,66,2.1,BR,1704396114
332,proletariy,58.4342,31.7046,249.33,89,6,3.35,RU,1704396114
333,monrovia,6.3005,-10.7969,300.62,77,94,4.12,LR,1704396115
334,san luis de la loma,17.2706,-100.8939,302.05,53,6,3.11,MX,1704396115
335,lubao,14.9167,120.55,298.19,86,88,2.53,PH,1704395856
336,podgornoye,51.735,39.1496,254.27,78,0,2.0,RU,1704396116
337,kitimat,54.0524,-128.6534,276.99,63,100,2.24,CA,1704396116
338,paimio,60.4567,22.6869,255.01,86,100,1.34,FI,1704396116
339,apahida,46.8167,23.75,281.23,66,0,3.6,RO,1704396117
340,karratha,-20.7377,116.8463,298.18,79,3,6.0,AU,1704395881
341,luorong,24.4058,109.6086,286.61,69,100,1.11,CN,1704396117
342,sabha,27.0377,14.4283,289.51,31,100,3.15,LY,1704396118
343,raja,8.4596,25.678,295.87,16,100,1.21,SS,1704396118
344,east london,-33.0153,27.9116,294.39,79,52,6.69,ZA,1704396118
345,tsiombe,-25.3,45.4833,296.18,84,6,4.79,MG,1704396119
346,bhadrachalam,17.6667,80.8833,292.09,86,100,1.61,IN,1704396119
347,kirovskoye,42.6198,71.5891,283.5,51,100,3.2,KG,1704396119
348,bireun,5.203,96.7009,298.66,86,93,1.88,ID,1704396120
349,ghat,24.9647,10.1728,289.63,27,20,2.44,LY,1704396120
350,shindand,33.3029,62.1474,281.77,70,2,1.51,AF,1704396120
351,fort bragg,35.139,-79.006,284.72,42,20,4.92,US,1704396120
352,pimentel,-6.8367,-79.9342,301.31,57,0,8.23,PE,1704396121
353,chonchi,-42.6128,-73.8092,297.28,63,44,2.9,CL,1704396122
354,grootfontein,-19.5667,18.1167,297.91,61,49,1.03,NA,1704396123
355,isafjordur,66.0755,-23.124,272.5,95,93,4.34,IS,1704396124
356,tainan,22.9908,120.2133,291.03,77,75,2.06,TW,1704396124
357,san juan de uraba,8.7592,-76.5297,302.73,70,73,3.17,CO,1704396125
358,chinchilla,-26.75,150.6333,295.94,93,25,0.45,AU,1704396126
359,fereydun kenar,36.6864,52.5225,286.97,72,82,1.3,IR,1704396131
360,caleta de carquin,-11.0925,-77.6267,297.68,76,86,4.58,PE,1704396132
361,nagqu,31.5,92.0,259.31,56,70,1.31,CN,1704396135
362,flying fish cove,-10.4217,105.6791,299.97,89,75,2.57,CX,1704396138
363,fayzabad,37.1166,70.58,280.47,36,100,1.19,AF,1704395887
364,aligudarz,33.4006,49.6949,275.48,51,60,1.9,IR,1704396140
365,puerto aysen,-45.4,-72.7,289.57,97,97,2.54,CL,1704396140
366,puerto lempira,15.2667,-83.7667,304.23,66,40,0.0,HN,1704396141
367,embi,48.8264,58.1442,268.99,92,100,3.36,KZ,1704396141
368,alofi,-19.0595,-169.9187,301.09,74,15,4.63,NU,1704395855
369,prien,30.1819,-93.2738,289.14,50,0,5.14,US,1704396146
370,bedele,8.456,36.353,291.02,55,94,1.87,ET,1704396146
371,hebi,35.8992,114.1925,273.71,74,15,1.71,CN,1704396147
372,casapesenna,40.9915,14.1361,287.46,85,40,2.06,IT,1704395903
373,swan hill,-35.3378,143.5544,292.54,73,100,3.79,AU,1704395966
374,newman,37.3138,-121.0208,285.95,68,6,3.58,US,1704395880
375,rutland,43.6167,-73.0162,273.29,64,75,5.14,US,1704396149
376,tolanaro,-25.0319,46.9987,297.19,88,75,5.14,MG,1704396150
377,sittwe,20.15,92.9,291.71,83,3,3.15,MM,1704396150
378,berezovo,63.9381,65.0419,241.44,98,100,1.28,RU,1704396151
379,cartagena,10.3997,-75.5144,304.94,62,20,3.6,CO,1704396087
380,general pico,-35.6566,-63.7568,309.19,24,78,0.87,AR,1704396152
381,pechora,65.1472,57.2244,241.96,100,100,1.34,RU,1704396152
382,west bay,19.3667,-81.4167,301.19,76,20,4.12,KY,1704396153
383,awjilah,29.1081,21.2869,288.29,66,0,1.56,LY,1704396153
384,maasin,10.1336,124.8447,299.14,80,25,1.66,PH,1704396154
385,kourou,5.1552,-52.6478,302.18,74,46,4.16,GF,1704396154
386,prince rupert,54.3161,-130.3201,279.98,81,75,7.2,CA,1704396154
387,rocky mountain house,52.3668,-114.9188,267.21,86,7,2.06,CA,1704396155
388,yanchep,-31.55,115.6833,291.27,57,0,7.27,AU,1704396155
389,saint croix,17.7397,-64.7388,302.4,82,20,4.63,VI,1704396156
390,swakopmund,-22.6833,14.5333,292.62,91,35,3.11,NA,1704396156
391,revda,56.801,59.9303,258.38,98,99,0.16,RU,1704396157
392,sotkamo,64.1333,28.4167,238.16,100,10,0.71,FI,1704396157
393,westerland,54.9079,8.3033,272.16,86,100,5.14,DE,1704396157
394,dumas,35.8656,-101.9732,275.67,93,100,7.2,US,1704396158
395,sona,45.4388,10.8255,278.66,81,0,2.06,IT,1704396158
396,queenstown,-31.8976,26.8753,290.56,85,21,2.51,ZA,1704396159
397,ayutla,20.1167,-104.3333,295.22,29,1,2.4,MX,1704396159
398,kegeyli shahar,42.7767,59.6078,275.2,68,100,0.59,UZ,1704396160
399,betio village,1.358,172.9211,298.17,88,100,4.98,KI,1704396160
400,dingli,35.8614,14.3822,287.24,88,0,3.09,MT,1704396160
401,zaragoza,41.6561,-0.8773,285.94,83,75,2.57,ES,1704396119
402,waddan,29.1614,16.139,287.83,40,17,1.3,LY,1704396161
403,konstantinovsk,47.5828,41.0922,279.84,88,100,5.36,RU,1704396161
404,morada nova,-5.1067,-38.3725,309.36,32,14,5.15,BR,1704396161
405,nyuzen,36.9333,137.5,277.3,50,0,3.04,JP,1704396162
406,takaungu,-3.6837,39.8566,300.42,85,20,4.18,KE,1704396162
407,luba,3.4568,8.5547,299.09,81,100,4.22,GQ,1704395896
408,kirakira,-10.4544,161.9205,299.09,86,99,1.78,SB,1704396163
409,dankaur,28.35,77.55,284.32,42,0,0.69,IN,1704396163
410,fale old settlement,-9.3852,-171.2468,302.0,68,100,4.25,TK,1704396163
411,atafu village,-8.5421,-172.5159,302.08,68,18,5.2,TK,1704396164
412,huangpi,30.8845,114.3779,279.21,75,0,2.0,CN,1704396164
413,east end,34.5507,-92.341,278.99,50,5,3.57,US,1704396164
414,gorontalo,0.5412,123.0595,297.16,95,93,1.34,ID,1704396165
415,tralee,52.2704,-9.7026,280.49,90,97,2.99,IE,1704396165
416,mossel bay,-34.1831,22.146,292.79,88,86,8.41,ZA,1704396165
417,suhbaatar,50.2314,106.2078,259.75,88,100,1.46,MN,1704396166
418,singerei,47.6667,28.1667,279.89,81,99,2.32,MD,1704396166
419,ha'il,27.5219,41.6907,285.16,82,0,1.03,SA,1704396166
420,acapulco de juarez,16.8634,-99.8901,303.05,54,75,3.09,MX,1704396167
421,coahuayana de hidalgo,18.7,-103.6583,301.95,48,8,2.38,MX,1704396167
422,caxito,-8.5785,13.6643,297.86,88,8,1.73,AO,1704396167
423,villanueva,15.3167,-88.0,302.7,62,20,4.12,HN,1704396168
424,nuuk,64.1835,-51.7216,266.49,86,100,13.38,GL,1704396168
425,northam,51.0333,-4.2167,282.96,87,100,6.1,GB,1704395890
426,constitucion,-35.3333,-72.4167,293.53,69,83,3.02,CL,1704396057
427,bochum,51.4833,7.2167,280.58,95,100,2.4,DE,1704396169
428,nogliki,51.8333,143.1667,248.9,100,77,1.79,RU,1704396169
429,carbonear,47.7332,-53.2148,273.79,85,100,7.36,CA,1704396169
430,tvoroyri,61.5556,-6.8111,281.12,89,100,12.61,FO,1704396170
431,garoowe,8.4054,48.4845,294.42,59,19,7.04,SO,1704396170
432,egilsstadir,65.2653,-14.3948,272.1,100,100,1.54,IS,1704396170
433,benguela,-12.5763,13.4055,298.6,76,100,2.46,AO,1704396171
434,arrifes,37.7667,-25.7,290.33,88,40,3.09,PT,1704396171
435,gaoual,11.75,-13.2,303.46,24,10,1.81,GN,1704396171
436,tangalle,6.024,80.7911,297.83,91,100,1.73,LK,1704396172
437,puerto ayacucho,5.6639,-67.6236,308.61,32,67,2.42,VE,1704396172
438,loango,-4.6719,11.8312,299.2,78,9,3.46,CG,1704396173
439,weno,7.4515,151.8468,301.12,78,40,3.6,FM,1704395906
440,ingeniero guillermo n. juarez,-23.9,-61.85,311.47,23,0,0.55,AR,1704396173
441,pariaman,-0.619,100.12,299.18,85,100,1.64,ID,1704396173
442,newnham,-41.3833,147.1333,288.62,94,100,2.06,AU,1704396174
443,north bay,46.3168,-79.4663,263.21,77,100,3.09,CA,1704396174
444,victorica,-36.2151,-65.4359,307.72,27,98,3.31,AR,1704396174
445,seosan,36.7817,126.4522,279.52,79,13,6.24,KR,1704396175
446,pingzhuang,42.0372,119.2889,259.88,86,3,0.93,CN,1704396175
447,wajir,1.7471,40.0573,303.78,30,5,4.39,KE,1704396175
448,canete,-37.8,-73.4,295.95,48,7,4.28,CL,1704396175
449,castillos,-34.1667,-53.8333,297.44,55,0,6.57,UY,1704396176
450,kayangel,8.0823,134.7173,301.72,80,67,6.56,PW,1704396176
451,arroyo,41.6096,-4.7969,281.27,85,20,2.57,ES,1704396176
452,tazovsky,67.4667,78.7,251.09,90,100,7.62,RU,1704396176
453,palmas,-10.2128,-48.3603,299.08,83,75,2.06,BR,1704396177
454,staraya kulatka,52.7167,47.6167,252.23,97,95,0.86,RU,1704396177
455,kampung sungai ara,5.327,100.2735,301.1,83,20,0.0,MY,1704396177
456,maxixe,-23.8597,35.3472,298.05,78,20,2.06,MZ,1704396177
457,alice springs,-23.7,133.8833,301.9,28,58,3.6,AU,1704396178
458,yongbyon,39.8133,125.8042,271.3,97,93,0.42,KP,1704396178
459,santana,-0.0583,-51.1817,305.25,79,75,3.6,BR,1704396179
460,antonio enes,-16.2325,39.9086,300.17,81,98,4.84,MZ,1704396179
461,aylesbury,51.8167,-0.8146,279.98,96,100,0.45,GB,1704396179
462,naze,28.3667,129.4833,284.66,65,7,0.37,JP,1704396180
463,ambovombe,-25.1667,46.0833,296.22,85,2,6.49,MG,1704396180
464,sidi ifni,29.3797,-10.173,291.97,52,0,1.29,MA,1704396180
465,crozon,48.2464,-4.4899,281.36,93,75,5.66,FR,1704396181
466,frederico westphalen,-27.3592,-53.3944,300.78,55,26,3.46,BR,1704396181
467,san julian,21.0167,-102.1667,293.13,20,15,5.81,MX,1704396181
468,port alfred,-33.5906,26.891,293.25,91,49,2.24,ZA,1704396182
469,rethymno,35.3647,24.4714,291.59,81,29,3.42,GR,1704396182
470,as sulayyil,20.4607,45.5779,292.29,47,0,6.32,SA,1704396182
471,sirte,31.2089,16.5887,291.0,43,0,3.1,LY,1704396188
472,bairnsdale,-37.8333,147.6167,290.96,94,53,2.19,AU,1704396188
473,lata,40.1629,-8.3327,285.33,91,100,3.61,PT,1704396188
474,puerto lleras,3.0223,-73.4044,304.3,49,100,3.7,CO,1704396189
475,cabinda,-5.55,12.2,299.57,79,15,4.02,AO,1704396189
476,chegdomyn,51.1167,133.0167,251.97,95,100,0.82,RU,1704395919
477,al fqih ben calah,32.5009,-6.6906,290.55,38,100,3.36,MA,1704396190
478,nong bua,15.8646,100.5858,296.34,63,8,2.48,TH,1704396190
479,richards bay,-28.783,32.0377,293.43,81,0,1.92,ZA,1704396191
480,poronaysk,49.2167,143.1167,253.9,97,46,1.65,RU,1704396191
481,thinadhoo,0.5333,72.9333,301.19,75,90,2.22,MV,1704396194
482,glace bay,46.1969,-59.957,272.77,83,100,2.57,CA,1704396195
483,mingguang,32.7802,117.9638,279.02,63,4,1.37,CN,1704396195
484,cidreira,-30.1811,-50.2056,296.21,81,10,6.15,BR,1704396196
485,fisterra,42.9049,-9.2629,284.68,71,8,7.86,ES,1704396196
486,al bawiti,28.3492,28.8659,286.98,41,0,3.1,EG,1704396196
487,tazacorte,28.629,-17.9293,293.69,95,75,2.06,ES,1704395919
488,dryden,49.7833,-92.7503,261.31,79,100,4.12,CA,1704396197
489,campo maior,-4.8278,-42.1686,309.54,31,100,3.66,BR,1704396197
490,boyolangu,-8.1181,111.8935,297.63,91,100,1.25,ID,1704396198
491,tessaoua,13.7574,7.9874,295.26,13,95,4.26,NE,1704396198
492,prince edward,44.0001,-77.2495,269.3,63,0,3.58,CA,1704396198
493,papao,-17.75,-149.55,300.97,86,100,10.7,PF,1704396199
494,palikir - national government center,6.9248,158.1611,298.56,94,20,0.0,FM,1704396199
495,faya-largeau,17.9257,19.1043,294.59,20,5,7.81,TD,1704396200
496,kavieng,-2.5744,150.7967,300.8,78,92,0.61,PG,1704396200
497,witbank,-25.8713,29.2332,290.67,70,61,6.23,ZA,1704396200
498,christchurch,-43.5333,172.6333,289.77,69,75,7.72,NZ,1704395937
499,wotje,9.4543,170.2367,299.95,80,100,9.19,MH,1704396201
500,nova vicosa,-17.8919,-39.3719,298.29,95,84,5.91,BR,1704396201
501,phan thiet,10.9333,108.1,295.16,77,84,4.06,VN,1704396201
502,vilyuysk,63.7553,121.6247,245.4,99,100,0.85,RU,1704396202
503,kone,-21.0595,164.8658,297.44,85,0,1.74,NC,1704396202
504,hamilton,39.1834,-84.5333,277.03,58,40,4.63,US,1704395891
505,manawar,22.2333,75.0833,293.14,62,0,2.77,IN,1704396203
506,enshi,30.3,109.4833,280.92,88,7,0.25,CN,1704396203
507,buala,-8.145,159.5921,300.11,80,100,2.08,SB,1704396203
508,mirny,62.5353,113.9611,243.27,95,100,3.92,RU,1704396204
509,el haouaria,37.05,11.0144,289.16,79,0,2.53,TN,1704396204
510,terra santa,-2.1042,-56.4869,308.05,40,99,1.2,BR,1704396204
511,aljezur,37.3191,-8.8033,287.05,83,25,4.45,PT,1704396205
512,taulaga,-11.0553,-171.0883,301.61,74,74,3.67,AS,1704396205
513,reo,12.3167,-2.4667,302.13,11,4,2.79,BF,1704396205
514,port shepstone,-30.7414,30.455,295.01,73,100,2.93,ZA,1704396206
515,nishon tumani,38.694,65.6751,280.29,81,0,0.0,UZ,1704396206
516,chubek,37.6137,69.7061,281.19,30,100,1.96,TJ,1704396206
517,banda aceh,5.5577,95.3222,298.79,85,78,4.77,ID,1704396206
518,xilin hot,43.9667,116.0333,257.33,97,42,3.17,CN,1704396207
519,laon,49.5667,3.6667,282.83,86,100,7.8,FR,1704396207
520,pizarro,4.9533,-77.366,301.65,77,94,2.16,CO,1704396207
521,ketchikan,55.3422,-131.6461,278.34,93,75,2.06,US,1704396208
522,narsingdi,23.9208,90.7181,290.16,66,0,2.05,BD,1704396208
523,raduzhny,62.0961,77.475,248.71,89,100,4.64,RU,1704396208
524,mozhaysk,55.5019,36.0272,251.19,93,91,2.06,RU,1704396209
525,molde,62.7375,7.1591,266.36,57,0,5.14,NO,1704396209
526,lima,-12.0432,-77.0282,297.29,65,100,4.63,PE,1704396091
527,bom jesus da lapa,-13.255,-43.4181,303.74,54,100,4.31,BR,1704396114
528,buurhakaba,2.8026,44.0781,300.65,34,6,4.48,SO,1704396210
529,novyy urengoy,66.0833,76.6333,248.64,85,100,6.31,RU,1704396211
530,nemuro,43.3236,145.575,270.29,76,8,2.28,JP,1704396212
531,baicheng,45.6167,122.8167,257.0,92,23,2.18,CN,1704396213
532,roslavl',53.9528,32.8639,259.35,82,100,5.02,RU,1704396214
533,paphos,34.7667,32.4167,291.03,72,75,6.17,CY,1704396214
534,merizo village,13.2658,144.6691,300.0,96,99,5.05,GU,1704396215
535,khovd,48.0056,91.6419,258.1,73,12,0.33,MN,1704396216
536,tyazhinskiy,56.116,88.524,241.44,100,43,2.59,RU,1704396216
537,krasnogvardeyskoye,45.8456,41.5186,281.27,85,100,6.22,RU,1704396216
538,fortuna,40.5982,-124.1573,285.18,89,100,3.6,US,1704396217
539,naama,33.2667,-0.3167,285.78,33,22,1.94,DZ,1704396217
540,manhattan,40.7834,-73.9662,280.73,50,40,7.2,US,1704395646
541,cutral-co,-38.9469,-69.2089,306.99,10,100,1.34,AR,1704396218
542,cox's bazar,21.4532,91.9798,288.21,82,0,4.02,BD,1704396218
543,taro,-8.3862,115.28,296.15,92,97,0.41,ID,1704396219
544,serra,-20.1286,-40.3078,301.85,79,75,3.09,BR,1704396219
545,kerikeri,-35.2268,173.9474,289.91,85,100,1.01,NZ,1704396219
546,portland,45.5234,-122.6762,282.86,95,100,5.66,US,1704395934
547,nova sintra,14.8667,-24.7167,294.51,65,0,6.72,CV,1704396220
548,canmore,51.0834,-115.3521,276.21,74,36,3.09,CA,1704396220
549,berezovyy,51.6667,135.7,250.17,97,96,1.22,RU,1704396221
550,shingu,33.7333,135.9833,277.51,72,0,2.43,JP,1704396221
551,crockett,31.3182,-95.4566,288.14,44,0,4.63,US,1704396221
552,carlsbad,33.1581,-117.3506,290.54,64,0,2.57,US,1704395560
553,coquimbo,-29.9533,-71.3436,295.0,64,20,4.63,CL,1704396222
554,chinde,26.8418,88.0763,280.98,66,2,2.15,NP,1704396222
555,zabaykal'sk,49.6333,117.3167,254.42,94,100,2.16,RU,1704396223
556,saint-louis,16.3333,-15.0,301.8,10,83,3.47,SN,1704396223
557,dakhla,23.6848,-15.958,293.16,73,0,6.69,EH,1704396223
558,okhotsk,59.3833,143.3,242.78,84,11,3.64,RU,1704396223
559,pasuquin,18.3328,120.6177,296.12,78,20,2.57,PH,1704396202
560,chulucanas,-5.0925,-80.1625,302.18,56,87,1.77,PE,1704396224
561,seydi,39.4816,62.9137,279.89,74,0,3.03,TM,1704396224
562,ayame,5.6083,-3.1563,299.57,79,84,2.58,CI,1704396225
563,kasongo-lunda,-6.4667,16.8167,295.81,90,35,1.03,CD,1704396225
564,inirida,3.8653,-67.9239,309.39,36,100,1.06,CO,1704396225
565,ubinskoye,55.3068,79.6802,257.18,94,100,5.99,RU,1704396226
566,kas,36.2018,29.6377,288.44,83,2,4.04,TR,1704396226
567,santiago de cao,-7.9589,-79.2392,296.22,78,75,4.63,PE,1704396226
568,jatai,-17.8814,-51.7144,302.04,59,100,1.36,BR,1704396227
569,rio grande,-32.035,-52.0986,299.21,70,9,8.32,BR,1704396103
570,karaton,-6.3424,106.1045,296.08,97,100,0.72,ID,1704396227
571,tindouf,27.6711,-8.1474,292.4,20,0,3.09,DZ,1704396228
572,waingapu,-9.6567,120.2641,300.48,75,40,1.18,ID,1704396228
573,kuqa,41.7278,82.9364,269.97,56,0,1.24,CN,1704396228
574,maddagiri,13.6606,77.2092,293.95,79,100,2.73,IN,1704396229
575,vegreville,53.5001,-112.0518,267.32,93,17,0.0,CA,1704396229
576,chanika,-5.4167,38.0167,294.36,93,100,0.12,TZ,1704396229
577,altai,46.3722,96.2583,254.28,72,1,0.99,MN,1704396230
578,maceio,-9.6658,-35.7353,304.84,62,20,8.23,BR,1704396230
579,port saint john's,-31.6229,29.5448,293.69,83,31,4.22,ZA,1704396230
580,ambalangoda,6.2355,80.0538,298.91,87,99,1.23,LK,1704396231
581,pelileo,-1.3167,-78.5333,297.8,68,75,6.17,EC,1704396231
582,la ronge,55.1001,-105.2842,265.29,79,100,4.63,CA,1704396231
583,tikri,29.2333,77.35,282.16,33,0,1.24,IN,1704396232
584,ceres,37.5949,-120.9577,286.51,80,0,6.17,US,1704396232
585,piti village,13.4626,144.6933,300.18,96,40,2.06,GU,1704396232
586,lompoc,34.6391,-120.4579,290.2,60,0,6.17,US,1704396233
587,rudnichnyy,59.617,52.4703,250.12,92,100,3.02,RU,1704396233
588,mosjoen,65.836,13.1908,265.21,61,75,2.06,NO,1704396233
589,deqen,29.9618,90.7188,269.34,25,85,1.82,CN,1704396234
590,menongue,-14.6585,17.691,293.52,84,100,2.44,AO,1704396234
591,jamaame,0.0697,42.745,299.26,79,2,4.1,SO,1704396234
592,illizi,26.4833,8.4667,290.04,21,89,1.57,DZ,1704396235
593,ambazac,45.9598,1.4006,281.33,92,100,4.31,FR,1704396235
594,tolga,34.7222,5.3785,284.6,42,6,2.63,DZ,1704396235
595,shizunai-furukawacho,42.3339,142.3669,273.0,77,60,1.3,JP,1704396236
596,saint-philippe,-21.3585,55.7679,299.32,90,94,0.9,RE,1704396236
597,haimen,23.1935,116.6142,283.09,83,6,3.41,CN,1704396236
598,lake arrowhead,34.2483,-117.1892,280.79,56,40,6.17,US,1704396237
599,paracuru,-3.41,-39.0306,302.1,65,100,5.08,BR,1704396237
600,gebeit,21.0667,36.3167,291.14,71,1,3.19,SD,1704396237
601,saipan,15.1355,145.701,301.54,78,75,2.06,MP,1704396238
602,fuglafjordur,62.244,-6.814,279.41,97,100,12.99,FO,1704396238
603,hecun,36.5333,114.1111,275.78,61,10,1.15,CN,1704396238
